{
    "kuid": "ea1d3ft2-57a1-44r9-a0u6-831194na",
    "id": "VoltMX.IntrotoSegmentTempV9.addingImg",
    "content": {
        "title": "Add Image to the Template",
        "body": "<ol>\n<li>Navigate to the <strong>Default Library</strong> tab on the bottom left of your Iris.</li>\n<li>Next to the <strong>Default Library</strong>, you will see the <strong>My Libraries</strong> tab and a search icon <img src=\"https://i.ibb.co/gmMPVjC/search-Icon.png\" alt=\"search icon\" width=\"14\" height=\"14\" />. Click the search icon.</li>\n<li>In the search bar that appears, enter <strong>Image</strong>.</li>\n<li>From the results, under <strong>Default</strong>, select <strong>Image</strong>.</li>\n<li>Drag the <strong>Image</strong> widget onto <strong>flxSeg</strong> on the canvas.</li>\n<li>From the <strong>Templates</strong> explorer, right-click on the new image and select <strong>Rename</strong>.</li>\n<li>Rename the image <strong>imgEmployee</strong>.</li>\n</ol>"
    },
    "pointer": {
        "direction": "left",
        "element": {
            "module": "konylibrary",
            "path": "default-body\\widgets\\default\\Image"
        },
        "type": "default"
    },
    "navigationType": "manual",
    "navigationBar": {
        "left": {
            "text": "Previous",
            "enable": true,
            "hide": false
        },
        "right": {
            "text": "Next",
            "enable": true,
            "hide": false
        }
    },
    "navigationCondition": "",
    "position": "BOTTOM_RIGHT",
    "meta": {
        "Creator": "Rashmi Menon",
        "CreatedOn": "Mon, 25 Nov 2019 11:44:44 GMT"
    },
    "context": []
}