{
    "kuid": "997775tf-aba4-47r3-a0u5-6527dfna",
    "id": "VoltMX.NewLaunchWebApp.explore",
    "content": {
        "title": "Explore the App",
        "body": "<p>Once the application is imported, you can explore the different forms in the application.</p><br/>\n<p>You can view the forms in two different views: The <strong>Storyboard</strong> view and the <strong>Design</strong> view.</p><br/>\n<p>The application opens in the <strong>Storyboard</strong> view. You can view the different forms inside the app and connections between forms in the Storyboard view.</p><br/>\n<p>To view the <strong>Properties</strong> of each widget in a form, double click on any form to open the form in the <strong>Design View</strong>. You can also select the <strong>Design&nbsp;</strong>tab to navigate to the <strong>Design</strong> view.</p>"
    },
    "pointer": {
        "direction": "left",
        "element": {
            "module": "appcanvas",
            "paneId": "ac-area-one"
        },
        "type": "default"
    },
    "navigationType": "manual",
    "navigationBar": {
        "left": {
            "text": "Previous",
            "enable": true,
            "hide": false
        },
        "right": {
            "text": "Next",
            "enable": true,
            "hide": false
        }
    },
    "navigationCondition": "",
    "position": "BOTTOM_RIGHT",
    "meta": {
        "Creator": "Prem Garudadri",
        "CreatedOn": "Wed, 18 Dec 2019 16:05:11 GMT"
    },
    "context": []
}